Item,Key,MC,gpt4_1,gpt4_2,gpt4_3,gpt4_4,gpt4_5,gpt4_6,gpt4_7,gpt4_8,gpt4_9,gpt4_10,gpt4_11,gemini_1,gemini_2,gemini_3,gemini_4,gemini_5,gemini_6,gemini_7,gemini_8,gemini_9,gemini_10,gemini_11
M032064,350,0,1,1,1,1,1,1,1,1,1,1,1,1,1,1,1,1,1,1,1,0,1,1
M032094,A,1,1,1,1,1,1,1,1,1,1,1,1,1,1,1,1,1,1,1,1,1,1,1
M032166,B,1,1,1,1,1,1,1,1,1,1,1,1,1,1,1,0,1,1,1,1,1,1,1
M032595,C,1,1,1,1,1,1,1,1,1,1,1,1,1,1,1,1,1,1,1,1,1,1,1
M032626,D,1,1,1,1,1,1,1,1,1,1,1,1,1,1,1,1,1,1,1,1,1,1,1
M032662,D,1,0,1,1,1,0,0,1,1,1,1,1,0,0,0,0,0,0,0,0,0,0,0
M032725,3.83,0,1,1,1,1,1,1,1,1,1,1,1,1,1,1,1,1,1,1,1,1,1,1
M042002,93x75 OR 75x93,0,0,1,0,0,1,0,1,0,0,0,0,0,0,0,1,0,0,0,0,0,0,0
M042016,A,1,1,1,1,1,1,1,1,1,1,1,1,1,1,1,0,0,1,1,0,0,0,0
M042024,B,1,1,1,1,0,1,1,0,1,1,0,1,1,0,1,0,0,1,1,0,0,0,0
M042031,A,1,1,1,1,1,1,1,1,1,1,1,1,1,1,1,1,1,0,1,1,0,0,1
M042032,B,1,1,1,1,1,1,1,1,1,1,1,1,1,1,1,0,1,1,0,1,0,0,1
M042041,C,1,1,1,1,1,1,1,1,1,1,1,1,1,1,1,1,1,1,1,1,1,1,1
M042059,75 and 16,0,2,2,2,2,2,2,2,2,2,2,2,2,1,2,1,1,2,2,2,2,2,2
M042186,4,0,1,1,1,1,1,1,1,1,1,1,1,1,1,1,1,1,1,0,0,1,1,1
M052061,16,0,1,1,1,1,1,1,1,1,1,1,1,1,1,1,1,1,1,1,1,1,1,1
M052214,D,1,1,1,1,1,1,1,1,1,1,1,1,1,1,0,0,1,1,1,1,0,1,1
M052216,B,1,1,1,1,1,1,1,1,1,1,1,1,1,1,1,1,0,1,1,1,1,1,1
M052228,D,1,0,1,1,1,1,1,1,1,1,0,1,0,0,0,0,0,0,0,0,0,0,0
M052231,48.398,0,1,1,1,1,1,1,1,1,1,1,1,1,0,1,1,1,0,1,1,1,0,1
M032047,B,1,1,1,1,1,1,1,1,1,1,1,1,1,1,1,1,1,1,1,0,1,1,1
M032295,A,1,1,1,1,1,1,1,1,1,1,1,1,1,1,1,1,1,1,1,1,1,1,1
M032352,C,1,0,1,1,1,1,1,1,1,1,1,1,0,0,1,1,1,1,0,1,1,0,1
M032419,C,1,0,1,1,1,0,1,1,1,0,1,0,0,0,0,0,0,0,0,0,0,1,0
M032424,C,1,0,0,0,0,0,0,0,0,0,0,0,0,0,0,0,0,1,1,1,0,0,0
M032477,A,1,1,1,1,1,1,1,1,1,1,1,1,1,1,1,1,1,1,1,1,1,1,1
M032538,90,0,1,1,1,1,1,1,1,1,1,1,1,1,0,0,1,1,0,1,1,1,1,1
M032673,C,1,1,1,1,1,1,1,1,1,1,1,1,1,1,0,1,1,1,1,1,1,1,1
M032683,9x/8,0,2,2,2,2,2,2,2,2,2,2,2,2,2,2,2,2,2,2,2,2,2,2
M032738,D,1,1,1,1,1,1,1,1,1,1,1,1,1,1,1,1,1,1,1,1,1,1,1
M032757,"20, 36, 24, 49",0,1,2,2,2,2,2,2,2,2,2,2,0,0,0,1,0,0,2,0,0,0,0
M032760A,36 black; 28 red,0,0,2,2,2,0,0,2,2,2,0,0,0,0,0,0,0,0,0,0,0,0,0
M032760B,32,0,0,1,0,1,1,1,1,1,1,0,0,0,0,0,0,0,0,0,0,0,0,0
M032760C,100,0,0,1,1,0,1,1,1,1,0,1,1,0,0,0,0,0,0,0,0,0,0,0
M032761,Red tiles: 4(n â€“ 1); Total tiles: n^2,0,0,2,2,2,2,2,2,2,2,2,2,1,0,0,0,2,0,2,1,2,0,2
M042067,B,1,1,1,1,1,1,1,1,1,1,1,1,1,1,1,1,1,1,1,1,1,1,1
M042077,C,1,1,1,1,1,1,1,1,1,1,1,0,1,1,1,1,1,1,1,1,1,1,1
M042086,54,0,1,1,1,1,1,1,1,1,1,1,1,1,1,1,0,1,1,1,1,1,1,1
M042103,x < 2,0,1,1,1,1,1,1,1,1,1,1,1,1,1,0,1,1,0,1,1,1,1,1
M042198A,6/7,0,1,1,1,1,1,1,1,1,1,1,1,1,1,1,1,1,1,1,1,1,1,0
M042198B,100/101,0,1,0,1,1,1,0,1,0,1,0,0,1,1,1,1,1,1,1,1,1,1,1
M042198C,n/(n+1),0,1,1,1,0,0,0,1,0,1,0,1,1,1,1,1,1,1,1,0,1,1,0
M042226,42,0,1,1,1,1,1,1,1,1,1,1,1,1,1,1,1,1,1,1,1,1,1,1
M042228,24,0,0,1,1,0,1,0,0,0,0,0,0,0,0,0,0,0,0,0,0,0,0,0
M042235,D,1,1,1,1,1,1,1,1,1,1,1,1,1,1,1,1,1,1,1,1,1,1,1
M042236,C,1,1,1,1,1,1,1,1,1,1,1,1,1,1,1,1,1,1,1,1,1,1,1
M042245,D,1,0,1,1,1,1,1,1,1,0,0,0,0,0,0,0,0,0,0,0,0,0,0
M052002,"15, with 4x + 8 = 40 reasoning shown",0,2,2,2,2,2,2,1,2,2,2,2,2,2,2,1,2,2,2,2,2,0,2
M052173,A,1,0,0,1,1,1,1,1,0,1,0,1,0,0,0,0,0,0,0,0,0,0,0
M052302,A,1,0,1,1,1,1,1,1,1,1,1,1,0,0,0,0,1,0,1,0,0,1,0
M032100,D,1,0,0,1,0,0,0,0,1,0,1,1,0,0,0,0,1,0,0,0,0,0,1
M032116,B,1,1,1,1,1,1,1,1,1,1,1,1,1,1,1,1,1,1,1,1,1,1,1
M032324,D,1,0,1,1,1,1,0,1,1,1,1,1,0,1,0,0,0,0,0,0,0,0,1
M032331,B,1,0,1,1,1,1,1,1,1,1,1,1,0,1,0,1,1,1,1,0,1,0,1
M032397,B,1,0,1,1,1,1,1,1,1,1,1,1,0,0,0,0,0,0,0,0,0,0,0
M032398,B,1,0,0,1,1,0,0,0,0,0,1,1,0,0,0,0,0,0,0,0,0,0,1
M032402,A,1,1,1,1,1,1,1,1,1,1,1,1,1,1,1,1,1,1,1,1,1,1,1
M032623,D,1,0,1,1,1,1,1,1,1,1,1,1,0,0,0,1,1,1,0,1,1,1,1
M032679,A,1,0,0,0,0,0,0,0,0,0,0,1,0,1,0,1,1,0,0,0,0,0,0
M032692,540 degrees with work shown,0,2,2,2,2,2,2,2,2,2,2,2,2,2,2,1,1,2,2,2,2,2,2
M032734,square with diagonals meeting in center,0,0,0,0,0,0,0,0,0,0,0,0,0,0,0,0,0,0,0,0,0,0,0
M042150,B,1,0,1,1,1,1,1,1,1,1,1,1,0,0,0,0,0,0,0,0,0,0,0
M042152,D,1,0,1,1,1,1,0,1,1,0,1,1,0,0,1,0,0,0,0,0,0,0,0
M042201,10,0,1,1,1,1,1,1,1,1,1,1,1,1,1,1,1,1,1,1,1,1,1,1
M042270,Correct triangle drawn (any orientation),0,0,1,1,1,1,1,1,1,0,1,1,1,1,0,1,1,0,0,1,1,0,0
M042300Z,Both points correctly marked; 90 degrees,0,2,2,2,2,2,2,2,2,2,0,2,1,1,1,1,1,2,2,2,2,2,2
M052084,A,1,1,1,1,1,1,1,1,1,1,1,1,1,1,1,1,1,1,1,1,1,1,1
M052206,12,0,0,1,1,0,1,0,1,0,0,1,1,0,1,1,1,1,1,1,1,1,1,1
M052362,45,0,1,1,0,0,0,1,0,1,1,1,1,0,1,0,0,0,0,0,0,0,0,0
M052408,50,0,0,0,0,0,0,0,0,0,0,0,0,0,1,0,0,0,1,1,0,0,1,0
M032132,D,1,0,1,1,1,1,1,1,1,1,1,1,0,0,0,0,0,0,0,0,0,0,0
M032507,C,1,0,0,0,0,0,0,0,0,1,0,0,0,0,0,0,0,0,0,0,0,0,0
M032681A,10 a.m.,0,0,0,0,0,0,0,0,0,0,0,0,0,0,0,0,0,0,0,0,0,0,0
M032681B,50,0,0,0,0,1,1,0,0,1,0,1,1,1,0,1,1,1,1,0,1,1,1,0
M032681C,1 p.m. and 2 p.m.,0,0,1,1,0,1,1,0,1,0,0,0,1,1,0,0,0,0,0,0,0,0,0
M032695,Pie chart correctly divided and labeled,0,0,2,2,2,2,2,2,2,2,2,2,0,0,0,0,0,0,0,0,0,0,0
M032721,B,1,0,0,0,0,0,0,0,0,0,0,0,0,0,0,0,0,0,0,0,0,0,0
M042169A,20,0,1,1,1,1,1,1,1,1,1,1,1,1,1,1,1,1,1,1,1,1,1,1
M042169B,19,0,1,1,1,1,1,1,1,1,1,1,1,1,1,1,1,0,1,1,1,1,1,1
M042169C,"Mean increases, median no change",0,0,1,1,1,1,1,1,1,1,1,1,0,0,0,0,0,0,0,0,0,1,1
M042177,C,1,0,1,1,1,1,1,1,1,1,1,1,0,1,0,1,1,1,0,0,1,0,0
M042179,D,1,0,1,1,1,1,1,1,1,1,1,1,0,1,0,1,1,1,1,1,1,1,1
M042207,"Hockey1/8, Football 3/8, Tennis, Basketball both 1/4 , and labels all correct",0,2,2,2,2,2,2,2,2,2,2,2,2,2,2,2,2,2,2,2,1,2,2
M042260,B,1,1,1,1,1,1,1,1,1,1,1,1,1,1,1,1,1,1,1,1,1,1,1
M042269,C,1,1,0,1,1,1,1,1,1,1,1,1,1,1,1,1,1,1,1,1,0,1,0
M052429,A,1,1,1,1,1,1,1,1,1,1,1,1,1,1,1,1,1,0,1,0,0,0,1
M052503A,see scoring sheet,0,1,1,1,1,1,1,1,1,1,1,1,1,1,1,1,1,1,1,1,0,0,1
M052503B,see scoring sheet,0,1,1,1,1,1,1,1,1,1,1,1,1,0,1,1,1,1,1,1,1,0,1